PRODUTO,CATEGORIA_WIRE-O
CADERNETA 9X13 - POLICROMIA,N/A
CADERNETA 14X21 - POLICROMIA,N/A
REVISTA 9X13 - POLICROMIA,N/A
REVISTA 14X21 - POLICROMIA,N/A
REVISTA 19X25 - POLICROMIA,N/A
PLANNER WIRE-O A5 - POLICROMIA,PWA5
FICHARIO A5 - POLICROMIA,N/A
FICHARIO 17X24 - POLICROMIA,N/A
CADERNO WIRE-O 17X24 - POLICROMIA,CW17X24
CADERNO WIRE-O 20X28 - POLICROMIA,CW20X28P
BLOCO WIRE-O 12X20 - POLICROMIA,BW12X20
CADERNO ORGANIZADOR A5 - POLICROMIA,COA5
CADERNO ORGANIZADOR 17X24 - POLICROMIA,CO17X24
FICHARIO A6 - POLICROMIA,N/A
CADERNETA 9X13 - COURO SINTÉTICO,N/A
CADERNETA 14X21 - COURO SINTÉTICO,N/A
REVISTA 9X13 - COURO SINTÉTICO,N/A
REVISTA 14X21 - COURO SINTÉTICO,N/A
REVISTA 19X25 - COURO SINTÉTICO,N/A
PLANNER WIRE-O A5 - COURO SINTÉTICO,PWA5
FICHARIO A5 - COURO SINTÉTICO,N/A
FICHARIO 17X24 - COURO SINTÉTICO,N/A
CADERNO WIRE-O 17X24 - COURO SINTÉTICO,CW17X24
CADERNO WIRE-O 20X28 - COURO SINTÉTICO,CW20X28P
BLOCO WIRE-O 12X20 - COURO SINTÉTICO,BW12X20
CADERNO ORGANIZADOR A5 - COURO SINTÉTICO,COA5
CADERNO ORGANIZADOR 17X24 - COURO SINTÉTICO,CO17X24
FICHARIO A6 - COURO SINTÉTICO,N/A